{
    "server": {
        "hostname": "magstaging.ca.com",
        "port": 8443,
        "prefix": "blr",
        "server_certs": [
                         [
                          "-----BEGIN CERTIFICATE-----", "MIIC/DCCAeSgAwIBAgIIQxcfMIwAz3swDQYJKoZIhvcNAQEMBQAwHDEaMBgGA1UEAxMRbWFnc3Rh", "Z2luZy5jYS5jb20wHhcNMTYxMTI4MDkwMzA1WhcNMjYxMTI2MDkwMzA1WjAcMRowGAYDVQQDExFt", "YWdzdGFnaW5nLmNhLmNvbTCCASIwDQYJKoZIhvcNAQEBBQADggEPADCCAQoCggEBAJZQJ5jrsuOf", "DmhZPDPccPcwfJBSgBwKFNsWYyUhv7XJNjKUCeClwZA6ZpgYatVtjiY7x8uqYEGb76y81tyrbBSR", "D5pePl6EhkwyAfeqrhlu36QtC5mCDtJPcuXa5KhTZ/noQE7M1h0BRnDA2nOag4nkDTK/ghu4ApQm", "LDN7bv12+ctLJYRvceIsedi8IrWHt9KpyS4QlrxVHqswjDYd/LqK46RodM4u2Q5lD/tMXzWXsNar", "Gmn9Oowcj6iMn0Iep1VZDOiIBqfYYepNZFKhLDPn75DeBH6nLkWCwE9gHChQUPREI2ib6e6lAY3q", "5EwEACqrYjBwGgYFeUggbqXS3icCAwEAAaNCMEAwHQYDVR0OBBYEFCp7irRjECV6dmfIie4VaKS/", "DzyFMB8GA1UdIwQYMBaAFCp7irRjECV6dmfIie4VaKS/DzyFMA0GCSqGSIb3DQEBDAUAA4IBAQBQ", "rXSGrrcfS1pZxN4mRue+sIt6n1kfZEpp3alMuA4h6ZDoQ7KWuuYDHunFrfDIQIbuITKjttBYra6z", "Yhui8FJd+tAO730LN4S+mztlGTnoFoqD2H5wk+7Wu+6ROGfcsF1yMmLDlJAXY+dWZ0FuMYKvBIn4", "kLGpdnac9GmdigmrFHLUsHJlRerzseln66JIf8ocOn5wmJz9cGORH4BeSEcSa0fRvz/sXR/3V3AU", "OUxgttZzGa65FaoejMVtwIg7+WsRM06cfbAznd0C+86LMQ21CuzcuDWUcfPelnDqyWOft8t/M+1O", "V9aHdvAsztJfooSNabWUhciSxNv5Tm5GUkfB", "-----END CERTIFICATE-----"
                          ]
                         ]
    },
    "oauth": {
        "client": {
            "organization": "CA Inc",
            "description": "It is used to test MAS Identity",
            "client_name": "MAS_Identity",
            "client_type": "confidential",
            "registered_by": "admin",
            "client_custom": {},
            "client_ids": [
                           
                           {
                           "client_id": "90419356-8d33-43e7-ad54-9b2a77a21461",
                           "client_secret": "",
                           "scope": "openid profile email phone address user_role mas_messaging mas_storage msso msso_register msso_client_register mas_identity_retrieve_users mas_identity_retrieve_groups mas_identity_create_users mas_identity_delete_users mas_identity_update_users mas_identity_create_groups mas_identity_update_groups mas_identity_delete_groups",
                           "redirect_uri": "https://ios.ssosdk.ca.com/ios",
                           "environment": "ALL",
                           "status": "ENABLED",
                           "registered_by": "admin",
                           "service_ids": "",
                           "account_plan_mapping_ids": "",
                           "client_key_custom": {}
                           }
                           ]
        },
        "system_endpoints": {
            "authorization_endpoint_path": "/auth/oauth/v2/authorize",
            "token_endpoint_path": "/auth/oauth/v2/token",
            "token_revocation_endpoint_path": "/auth/oauth/v2/token/revoke",
            "usersession_logout_endpoint_path": "/connect/session/logout",
            "usersession_status_endpoint_path": "/connect/session/status"
        },
        "oauth_protected_endpoints": {
            "userinfo_endpoint_path": "/openid/connect/v1/userinfo"
        }
    },
    "mas": {
        "scim-path": "/SCIM/MAS/v2",
        "mas-storage-path": "/MASS/v1/Client"
    },
    "mag": {
        "system_endpoints": {
            "device_register_endpoint_path": "/connect/device/register",
            "device_renew_endpoint_path": "/connect/device/renew",
            "device_client_register_endpoint_path": "/connect/device/register/client",
            "device_remove_endpoint_path": "/connect/device/remove",
            "client_credential_init_endpoint_path": "/connect/client/initialize",
            "authenticate_otp_endpoint_path": "/auth/generateOTP"
        },
        "oauth_protected_endpoints": {
            "enterprise_browser_endpoint_path": "/connect/enterprise/browser",
            "device_list_endpoint_path": "/connect/device/list"
        },
        "mobile_sdk": {
            "sso_enabled": true,
            "location_enabled": true,
            "location_provider": "network",
            "msisdn_enabled": true,
            "enable_public_key_pinning": false,
            "trusted_public_pki": false,
            "trusted_cert_pinned_public_key_hashes": [],
            "client_cert_rsa_keybits": 1024
        },
        "ble": {
            "msso_ble_service_uuid": "980c2f36-bde3-11e4-8dfc-aa07a5b093db",
            "msso_ble_characteristic_uuid": "980c34cc-bde3-11e4-8dfc-aa07a5b093db",
            "msso_ble_rssi": -35
        }
    },
    "custom": {
        "oauth_demo_protected_api_endpoint_path": "/oauth/v2/protectedapi/foo",
        "mag_demo_products_endpoint_path": "/protected/resource/products"
    }
}
